order_date,customer_name,region,channel,product,category,quantity,unit_price,discount_pct,amount,tax,shipping_cost,total,rating
2024-01-01,Priya Singh,Central,Direct,Connector,Hardware,16,163.7,5,2488.24,165.49,19.78,2643.84,4.2
2024-01-02,James Park,East,Partner,Gear,Tools,42,5.19,5,207.08,23.08,38.2,211.06,1.8
2024-01-03,Nina Patel,North,Partner,Sensor,Mechanical,20,182.38,5,3465.22,305.76,27.71,3757.12,1.7
2024-01-04,Jake Moore,West,Partner,Valve,Electronics,24,318.06,0,7633.44,491.89,15.06,8140.39,3.2
2024-01-06,Leo Kim,Central,Online,Valve,Mechanical,27,302.48,10,7350.26,657.91,9.19,8003.57,4.8
2024-01-07,Omar Hassan,South,Partner,Widget,Hardware,41,156.31,5,6088.27,346.03,32.47,6418.07,1.1
2024-01-08,Priya Singh,West,Partner,Connector,Electronics,46,436.61,10,18075.65,1771.73,38.59,19828.09,4.0
2024-01-10,Sara Lee,East,Partner,Relay,Electronics,4,305.48,0,1221.92,95.14,9.17,1326.23,4.6
2024-01-11,Emma Wilson,South,Direct,Sprocket,Hardware,33,401.46,15,11260.95,1343.06,20.68,12593.67,2.0
2024-01-13,Aisha Khan,North,Retail,Valve,Industrial,45,394.38,0,17747.1,1346.37,18.69,19112.16,3.7
2024-01-14,Sara Lee,South,Online,Relay,Mechanical,46,37.46,20,1378.53,129.15,40.6,1487.38,4.3
2024-01-15,Alice Patel,West,Direct,Bolt,Hardware,22,97.97,20,1724.27,131.86,37.32,1837.47,1.1
2024-01-17,Liam Chen,Central,Retail,Gadget,Tools,31,99.79,5,2938.82,203.47,38.67,3122.95,4.3
2024-01-18,Leo Kim,East,Partner,Gear,Hardware,46,231.82,0,10663.72,817.05,12.72,11493.49,2.7
2024-01-20,Omar Hassan,North,Direct,Widget,Electronics,41,79.97,0,3278.77,270.62,18.17,3567.56,3.1
2024-01-22,Emma Wilson,South,Online,Gear,Electronics,3,401.99,15,1025.07,63.77,3.57,1087.05,4.9
2024-01-24,Alice Johnson,East,Online,Widget,Electronics,13,18.52,10,216.68,11.12,49.94,202.83,4.4
2024-01-25,Liam Chen,South,Direct,Gear,Hardware,45,407.16,20,14657.76,1709.62,9.93,16362.42,3.0
2024-01-27,James Park,South,Partner,Connector,Industrial,15,377.29,10,5093.42,342.97,15.91,5428.44,2.2
2024-01-29,Alice Chen,Central,Direct,Bolt,Tools,44,318.29,20,11203.81,1132.41,16.81,12327.81,2.4
2024-01-30,Priya Singh,North,Direct,Sensor,Industrial,16,269.22,0,4307.52,353.54,27.67,4688.73,4.2
2024-02-01,Yuki Tanaka,Central,Online,Connector,Electronics,11,474.57,10,4698.24,243.4,15.33,4933.97,4.7
2024-02-02,Jake Moore,North,Partner,Motor,Hardware,48,222.64,0,10686.72,561.83,9.69,11258.24,2.1
2024-02-03,Tom Brown,North,Partner,Valve,Tools,27,249.0,0,6723.0,527.07,25.11,7275.18,1.8
2024-02-05,Bob Smith,South,Direct,Gear,Electronics,43,130.86,15,4782.93,256.54,39.91,5019.52,2.2
2024-02-07,Alice Johnson,East,Retail,Valve,Mechanical,1,74.71,15,63.5,5.98,26.08,56.44,3.6
2024-02-08,Tom Brown,West,Direct,Sensor,Electronics,12,491.72,20,4720.51,518.61,24.81,5226.72,2.9
2024-02-10,Omar Hassan,East,Retail,Relay,Industrial,30,448.44,10,12107.88,1327.8,13.07,13429.14,4.7
2024-02-12,Priya Singh,Central,Partner,Gear,Electronics,29,332.68,15,8200.56,868.13,28.07,9054.65,3.8
2024-02-13,Alice Johnson,Central,Direct,Sensor,Tools,10,483.12,15,4106.52,429.68,32.38,4520.01,2.6
2024-02-14,Maria Garcia,East,Partner,Relay,Industrial,29,448.9,5,12367.19,1014.14,26.36,13368.15,1.5
2024-02-15,Jake Moore,North,Direct,Bolt,Industrial,32,61.3,10,1765.44,177.23,6.75,1939.3,2.0
2024-02-16,Nina Patel,North,Retail,Motor,Mechanical,13,151.71,0,1972.23,184.27,0.41,2156.91,4.8
2024-02-17,Alice Johnson,West,Partner,Sensor,Tools,38,27.35,15,883.4,91.39,3.01,973.28,2.6
2024-02-19,Omar Hassan,East,Partner,Widget,Tools,9,259.44,0,2334.96,275.18,9.11,2619.25,4.5
2024-02-20,Priya Singh,West,Direct,Widget,Mechanical,46,361.33,10,14959.06,1025.79,27.21,15971.24,3.6
2024-02-22,Yuki Tanaka,North,Direct,Gear,Electronics,3,292.96,0,878.88,93.9,27.81,1000.59,2.8
2024-02-23,Maria Garcia,South,Online,Gear,Hardware,6,349.12,0,2094.72,162.33,42.06,2299.11,2.1
2024-02-24,Alice Patel,South,Direct,Relay,Electronics,25,290.17,5,6891.54,639.72,20.4,7521.06,4.9
2024-02-26,Liam Chen,East,Retail,Sensor,Electronics,50,217.3,15,9235.25,902.92,22.71,10126.82,2.6
2024-02-27,Aisha Khan,East,Retail,Sensor,Hardware,19,174.69,5,3153.15,171.15,32.72,3307.94,2.4
2024-02-28,Aisha Khan,East,Retail,Motor,Mechanical,41,443.4,0,18179.4,1401.91,46.31,19627.62,3.8
2024-03-01,Alice Johnson,Central,Partner,Bolt,Hardware,8,249.02,5,1892.55,168.75,10.91,2055.85,3.1
2024-03-03,Emma Wilson,Central,Retail,Relay,Electronics,28,264.85,10,6674.22,407.45,7.74,7077.8,4.4
2024-03-04,Bob Smith,East,Retail,Valve,Mechanical,3,261.71,5,745.87,51.12,37.62,778.18,4.4
2024-03-05,Liam Chen,North,Direct,Motor,Mechanical,20,126.34,5,2400.46,253.22,3.8,2651.78,1.8
2024-03-08,Jake Moore,Central,Partner,Sensor,Electronics,31,482.3,5,14203.74,1079.55,0.88,15282.85,3.3
2024-03-09,Alice Patel,North,Online,Gear,Hardware,49,415.04,0,20336.96,1031.19,49.61,21417.76,2.0
2024-03-10,Maria Garcia,West,Partner,Connector,Industrial,8,11.47,10,82.58,8.31,6.58,87.6,1.7
2024-03-12,Alice Chen,North,Retail,Widget,Electronics,26,105.56,5,2607.33,136.5,15.49,2736.09,4.1
2024-03-13,Yuki Tanaka,West,Partner,Connector,Industrial,25,404.48,20,8089.6,789.01,32.73,8862.25,3.0
2024-03-15,James Park,Central,Retail,Bolt,Industrial,42,287.72,15,10271.6,1219.5,38.96,11471.62,2.8
2024-03-16,Alice Chen,West,Partner,Gear,Industrial,10,488.49,0,4884.9,300.65,13.0,5198.55,4.7
2024-03-18,Alice Johnson,East,Direct,Gear,Tools,23,146.89,15,2871.7,183.44,0.69,3054.8,4.0
2024-03-19,Carlos Diaz,Central,Direct,Motor,Tools,32,450.86,15,12263.39,684.55,42.28,12926.8,4.5
2024-03-20,Nina Patel,North,Online,Bolt,Tools,21,295.13,0,6197.73,542.81,43.34,6783.88,2.7
2024-03-22,Sara Lee,East,Online,Gadget,Mechanical,14,241.47,5,3211.55,233.07,11.65,3438.8,2.6
2024-03-24,Alice Johnson,Central,Online,Motor,Industrial,50,432.73,15,18391.02,2134.41,24.86,20513.0,4.4
2024-03-25,Maria Garcia,East,Online,Gadget,Electronics,24,483.77,0,11610.48,1226.2,42.43,12879.11,2.7
2024-03-26,Alice Johnson,North,Direct,Sensor,Industrial,31,346.01,5,10189.99,841.89,20.26,11021.75,1.3
2024-03-27,Bob Smith,South,Retail,Relay,Mechanical,48,207.03,15,8446.82,973.58,28.51,9406.15,1.2
2024-03-29,Leo Kim,East,Partner,Valve,Mechanical,37,141.66,15,4455.21,502.48,47.64,4933.87,1.3
2024-03-30,Tom Brown,South,Online,Widget,Mechanical,9,299.2,0,2692.8,180.48,17.7,2890.98,1.1
2024-04-01,Aisha Khan,Central,Direct,Widget,Electronics,31,102.18,10,2850.82,293.28,22.65,3132.78,5.0
2024-04-02,James Park,East,Retail,Bolt,Tools,10,91.41,20,731.28,43.82,9.56,770.32,4.1
2024-04-03,Emma Wilson,West,Partner,Gadget,Mechanical,39,118.95,0,4639.05,538.33,5.52,5182.9,3.7
2024-04-05,Tom Brown,Central,Retail,Bolt,Electronics,27,431.01,0,11637.27,1277.67,3.74,12918.68,3.0
2024-04-06,Aisha Khan,Central,Partner,Connector,Industrial,15,8.98,0,134.7,9.97,34.72,179.39,4.4
2024-04-07,Carlos Diaz,West,Online,Gadget,Industrial,14,161.06,10,2029.36,165.78,20.12,2185.08,3.9
2024-04-09,Liam Chen,East,Direct,Sprocket,Electronics,49,301.94,0,14795.06,760.87,36.9,15592.83,5.0
2024-04-10,James Park,West,Online,Sensor,Hardware,19,454.47,15,7339.69,620.41,35.93,7942.13,2.8
2024-04-12,Carlos Diaz,Central,Online,Relay,Hardware,41,453.98,15,15821.2,1672.56,34.77,17476.38,3.2
2024-04-12,Carlos Diaz,West,Partner,Motor,Electronics,13,156.9,0,2039.7,122.61,6.49,2168.8,3.7
2024-04-14,James Park,Central,Partner,Sensor,Tools,33,388.87,5,12191.07,1030.36,23.57,13209.65,2.1
2024-04-15,Priya Singh,South,Direct,Gadget,Electronics,8,325.85,10,2346.12,187.78,37.95,2514.93,1.6
2024-04-17,Liam Chen,South,Partner,Connector,Electronics,14,393.97,10,4964.02,488.05,1.86,5451.14,1.7
2024-04-19,James Park,Central,Direct,Sprocket,Mechanical,39,347.21,0,13541.19,897.67,27.81,14466.67,2.0
2024-04-20,Priya Singh,East,Partner,Sprocket,Tools,43,403.16,0,17335.88,1445.15,41.63,18822.66,2.8
2024-04-22,Maria Garcia,Central,Online,Gear,Industrial,50,223.45,20,8938.0,556.41,22.67,9483.08,1.3
2024-04-23,Alice Chen,East,Online,Motor,Tools,27,206.79,0,5583.33,550.47,36.59,6170.39,4.1
2024-04-25,Sara Lee,Central,Partner,Gadget,Electronics,19,401.28,0,7624.32,547.17,1.84,8173.33,2.3
2024-04-26,Alice Johnson,South,Partner,Connector,Mechanical,19,105.3,0,2000.7,186.02,13.45,2200.17,4.2
2024-04-28,Alice Patel,North,Direct,Widget,Electronics,31,399.51,15,10527.09,707.34,43.98,11212.44,2.4
2024-04-29,Bob Smith,East,Online,Sensor,Tools,38,215.26,15,6952.9,656.37,5.88,7606.33,3.8
2024-05-01,Aisha Khan,Central,Retail,Valve,Industrial,41,166.98,20,5476.94,339.83,24.6,5804.47,2.2
2024-05-02,Priya Singh,South,Online,Sprocket,Industrial,41,370.32,0,15183.12,1199.49,23.25,16405.86,3.3
2024-05-04,Emma Wilson,Central,Partner,Connector,Hardware,42,206.46,0,8671.32,490.6,27.84,9189.76,3.4
2024-05-05,Jake Moore,East,Online,Motor,Electronics,22,412.55,0,9076.1,767.4,7.02,9850.52,2.5
2024-05-06,Aisha Khan,West,Retail,Sprocket,Mechanical,16,409.29,20,5238.91,287.67,40.59,5506.28,3.5
2024-05-08,Priya Singh,West,Retail,Sprocket,Electronics,22,131.45,10,2602.71,164.57,3.19,2765.69,3.4
2024-05-10,Liam Chen,East,Direct,Motor,Mechanical,29,354.92,15,8748.78,1027.69,25.74,9763.6,4.8
2024-05-11,Tom Brown,North,Direct,Gadget,Electronics,5,358.84,5,1704.49,196.37,41.14,1880.29,4.4
2024-05-12,Omar Hassan,South,Retail,Connector,Tools,10,322.9,0,3229.0,174.36,0.55,3403.91,3.4
2024-05-14,James Park,Central,Online,Motor,Tools,4,436.18,0,1744.72,182.03,24.68,1951.43,4.7
2024-05-16,Omar Hassan,East,Retail,Relay,Industrial,42,286.85,5,11445.32,1141.06,20.61,12576.07,3.0
2024-05-18,Maria Garcia,Central,Retail,Gadget,Tools,8,153.0,0,1224.0,73.94,31.53,1329.47,1.4
2024-05-19,Nina Patel,South,Online,Widget,Hardware,41,20.73,0,849.93,63.43,25.8,939.16,3.3
2024-05-21,Priya Singh,North,Partner,Relay,Industrial,42,293.18,0,12313.56,1417.98,19.55,13751.09,1.1
2024-05-22,Alice Chen,South,Direct,Gear,Electronics,9,327.32,0,2945.88,283.65,42.92,3272.45,1.3
2024-05-24,Aisha Khan,Central,Retail,Widget,Hardware,30,403.27,0,12098.1,1337.37,46.7,13482.17,1.5
2024-05-25,Priya Singh,Central,Direct,Relay,Industrial,36,259.47,10,8406.83,528.48,19.14,8925.74,4.1
2024-05-26,Sara Lee,North,Retail,Gadget,Tools,28,480.01,15,11424.24,625.76,44.14,12027.93,4.1
2024-05-28,Alice Chen,North,Partner,Sensor,Tools,32,389.54,10,11218.75,1065.8,0.8,12284.15,4.0
2024-05-29,Omar Hassan,South,Direct,Bolt,Tools,28,226.52,20,5074.05,491.43,45.87,5542.55,1.9
2024-05-30,Omar Hassan,West,Direct,Gear,Tools,17,349.74,0,5945.58,585.77,35.99,6567.34,1.3
2024-06-01,Jake Moore,Central,Retail,Valve,Mechanical,38,83.29,15,2690.27,194.61,6.61,2881.58,4.0
2024-06-02,Leo Kim,West,Direct,Valve,Hardware,43,198.1,10,7666.47,882.72,46.85,8525.77,2.9
2024-06-04,Sara Lee,East,Online,Motor,Tools,2,39.27,0,78.54,9.22,6.6,94.36,4.0
2024-06-05,Emma Wilson,West,Retail,Widget,Industrial,29,341.19,10,8905.06,856.82,7.61,9758.07,1.5
2024-06-07,Bob Smith,East,Direct,Bolt,Mechanical,14,334.21,0,4678.94,277.2,41.98,4998.12,2.9
2024-06-09,Yuki Tanaka,East,Partner,Sprocket,Industrial,25,48.94,20,978.8,101.06,6.35,1076.68,3.8
2024-06-10,Aisha Khan,West,Direct,Connector,Industrial,23,38.75,0,891.25,56.33,36.57,984.15,4.3
2024-06-12,Omar Hassan,Central,Partner,Gear,Electronics,14,440.92,0,6172.88,355.15,26.14,6554.17,4.4
2024-06-13,Aisha Khan,South,Direct,Connector,Electronics,28,319.06,0,8933.68,613.28,37.37,9584.33,4.1
2024-06-15,Alice Chen,Central,Direct,Widget,Mechanical,19,374.69,10,6407.2,614.67,26.37,7008.68,2.3
2024-06-16,Nina Patel,East,Retail,Bolt,Industrial,43,296.39,5,12107.53,917.15,48.93,13000.22,2.0
2024-06-18,Aisha Khan,East,Online,Sensor,Electronics,38,423.8,15,13688.74,1210.07,32.22,14882.7,4.8
2024-06-19,Sara Lee,North,Direct,Connector,Tools,39,298.99,15,9911.52,813.13,46.52,10701.39,3.9
2024-06-20,Maria Garcia,South,Retail,Gadget,Industrial,8,5.41,15,36.79,3.61,10.16,35.32,2.9
2024-06-22,Tom Brown,Central,Direct,Sprocket,Electronics,21,241.77,0,5077.17,605.01,22.53,5704.71,3.5
2024-06-22,Tom Brown,West,Partner,Gadget,Mechanical,15,122.54,20,1470.48,139.69,9.16,1605.59,4.1
2024-06-24,Aisha Khan,Central,Online,Sprocket,Hardware,43,302.26,0,12997.18,1355.34,33.66,14386.18,1.6
2024-06-25,Sara Lee,West,Direct,Valve,Electronics,40,448.75,0,17950.0,1848.23,0.72,19798.95,2.0
2024-06-26,Nina Patel,West,Partner,Gear,Mechanical,50,379.75,20,15190.0,761.44,26.35,15938.27,1.3
2024-06-28,Alice Chen,Central,Retail,Gadget,Mechanical,45,178.4,0,8028.0,491.43,32.4,8551.83,3.0
2024-06-29,Aisha Khan,South,Retail,Valve,Electronics,4,172.29,0,689.16,52.35,43.12,784.63,1.8
2024-07-01,Tom Brown,Central,Direct,Sensor,Tools,42,192.95,0,8103.9,581.06,39.78,8724.74,2.3
2024-07-02,Maria Garcia,East,Direct,Connector,Tools,30,12.02,0,360.6,28.82,10.34,399.76,4.2
2024-07-03,James Park,West,Partner,Gear,Industrial,35,391.72,5,13024.69,855.54,17.26,13871.6,1.5
2024-07-05,Alice Chen,East,Retail,Valve,Electronics,39,194.57,20,6070.58,517.77,18.86,6578.92,1.9
2024-07-06,Jake Moore,West,Retail,Bolt,Electronics,40,46.28,0,1851.2,164.93,24.9,2041.03,4.0
2024-07-08,Carlos Diaz,East,Direct,Gadget,Tools,15,180.2,15,2297.55,179.96,17.22,2468.9,1.2
2024-07-09,Aisha Khan,South,Direct,Sprocket,Hardware,41,85.59,20,2807.35,276.04,18.84,3073.97,2.5
2024-07-11,Leo Kim,East,Direct,Gadget,Mechanical,37,267.38,15,8409.1,835.65,6.47,9241.51,2.2
2024-07-13,Emma Wilson,Central,Partner,Sprocket,Hardware,22,163.44,20,2876.54,296.73,27.94,3159.3,4.6
2024-07-14,Bob Smith,South,Retail,Connector,Hardware,3,159.38,15,406.42,26.77,21.67,422.36,2.4
2024-07-16,Nina Patel,Central,Partner,Motor,Tools,22,398.18,15,7445.97,802.62,34.47,8231.35,4.5
2024-07-17,Alice Johnson,East,Online,Gear,Industrial,29,470.88,0,13655.52,711.28,15.49,14382.29,1.5
2024-07-18,Nina Patel,South,Online,Bolt,Hardware,21,427.69,5,8532.42,843.0,42.73,9354.06,1.6
2024-07-20,Jake Moore,East,Retail,Valve,Industrial,31,147.56,0,4574.36,498.48,45.26,5118.1,2.3
2024-07-21,Omar Hassan,South,Online,Relay,Mechanical,38,358.9,0,13638.2,965.99,3.99,14608.18,4.2
2024-07-23,Aisha Khan,East,Direct,Bolt,Tools,39,365.95,15,12131.24,1250.5,17.87,13372.81,2.4
2024-07-25,James Park,Central,Partner,Bolt,Electronics,12,268.8,0,3225.6,236.71,4.73,3467.04,1.2
2024-07-26,Maria Garcia,Central,Direct,Gear,Tools,48,250.21,10,10809.07,870.85,31.09,11664.38,2.5
2024-07-27,Jake Moore,South,Partner,Connector,Hardware,26,369.77,10,8652.62,556.04,10.13,9203.59,2.3
2024-07-29,Carlos Diaz,Central,Online,Widget,Hardware,49,114.72,20,4497.02,528.54,46.15,5002.49,1.6
2024-07-30,Sara Lee,East,Direct,Widget,Mechanical,11,356.04,5,3720.62,439.16,28.37,4145.59,1.7
2024-08-01,Maria Garcia,Central,Online,Gear,Electronics,1,84.89,10,76.4,7.05,49.81,58.55,4.5
2024-08-02,Maria Garcia,Central,Online,Valve,Electronics,46,82.87,10,3430.82,227.84,16.2,3650.56,1.8
2024-08-03,Emma Wilson,South,Online,Connector,Tools,10,316.79,0,3167.9,195.15,43.48,3406.53,2.7
2024-08-04,Alice Patel,South,Direct,Relay,Mechanical,49,224.24,10,9888.98,759.72,48.25,10624.57,3.6
2024-08-06,Bob Smith,West,Direct,Sensor,Mechanical,37,98.78,0,3654.86,232.67,37.38,3924.91,2.4
2024-08-08,Aisha Khan,North,Direct,Motor,Electronics,32,214.82,0,6874.24,385.06,31.06,7290.36,1.0
2024-08-09,Emma Wilson,West,Online,Sensor,Mechanical,38,370.19,0,14067.22,1584.85,30.47,15682.54,1.3
2024-08-11,Alice Patel,East,Online,Motor,Mechanical,7,231.93,0,1623.51,134.09,45.12,1802.72,2.6
2024-08-12,Emma Wilson,South,Online,Widget,Hardware,25,159.06,20,3181.2,359.5,30.89,3525.25,1.9
2024-08-14,Carlos Diaz,East,Online,Gear,Tools,38,409.59,15,13229.76,1384.02,17.81,14604.88,2.4
2024-08-16,Bob Smith,Central,Direct,Sensor,Electronics,38,295.2,0,11217.6,914.55,45.31,12177.46,1.6
2024-08-17,Leo Kim,Central,Retail,Gadget,Hardware,35,360.19,0,12606.65,1484.26,26.02,14116.93,4.6
2024-08-18,Aisha Khan,South,Retail,Sprocket,Electronics,28,426.78,0,11949.84,863.62,16.3,12829.76,4.8
2024-08-20,Tom Brown,East,Partner,Connector,Electronics,36,105.63,0,3802.68,451.65,15.81,4270.14,4.4
2024-08-21,Tom Brown,South,Retail,Relay,Industrial,1,449.51,5,427.03,43.63,40.46,450.43,4.5
2024-08-22,Bob Smith,West,Retail,Widget,Industrial,36,381.68,15,11679.41,870.12,31.32,12533.87,1.9
2024-08-24,Nina Patel,South,Retail,Connector,Hardware,36,413.25,20,11901.6,867.53,18.21,12760.03,2.8
2024-08-26,Leo Kim,Central,Partner,Widget,Hardware,16,433.27,5,6585.7,406.47,10.9,6986.72,1.0
2024-08-27,Tom Brown,North,Partner,Sensor,Industrial,24,131.28,20,2520.58,199.03,14.03,2712.6,1.9
2024-08-28,James Park,South,Partner,Valve,Tools,37,242.74,5,8532.31,623.27,34.57,9138.3,4.7
2024-08-30,Alice Johnson,North,Retail,Valve,Hardware,20,179.67,0,3593.4,187.73,9.48,3790.61,1.4
2024-09-01,Liam Chen,Central,Retail,Gadget,Electronics,45,386.58,0,17396.1,1391.37,46.6,18834.07,2.6
2024-09-02,Bob Smith,East,Retail,Bolt,Electronics,43,299.03,10,11572.46,866.27,7.76,12434.85,1.1
2024-09-03,Nina Patel,North,Online,Connector,Tools,39,328.65,20,10253.88,771.1,19.65,11015.15,4.9
2024-09-05,Nina Patel,Central,Direct,Sensor,Hardware,50,165.66,0,8283.0,883.3,17.48,9183.78,3.8
2024-09-06,Omar Hassan,East,Online,Widget,Hardware,44,8.02,5,335.24,34.91,29.2,355.55,1.6
2024-09-07,Leo Kim,South,Online,Widget,Tools,2,295.15,15,501.75,28.52,45.5,507.52,4.3
2024-09-08,Sara Lee,West,Retail,Motor,Electronics,37,382.13,15,12017.99,981.36,27.54,12985.58,3.7
2024-09-09,Nina Patel,South,Partner,Motor,Mechanical,50,344.63,15,14646.77,1585.11,10.11,16226.83,2.2
2024-09-11,Omar Hassan,Central,Direct,Valve,Hardware,48,369.47,0,17734.56,1866.12,39.45,19640.13,3.0
2024-09-12,Bob Smith,East,Partner,Bolt,Industrial,6,417.7,20,2004.96,181.8,34.64,2169.44,3.8
2024-09-13,Bob Smith,East,Partner,Valve,Tools,8,84.85,5,644.86,42.86,8.14,683.65,1.1
2024-09-15,Omar Hassan,Central,Online,Bolt,Electronics,42,46.18,0,1939.56,172.26,44.05,2155.87,1.4
2024-09-16,Tom Brown,West,Partner,Gadget,Mechanical,7,249.03,0,1743.21,121.85,27.2,1892.26,1.8
2024-09-18,Omar Hassan,North,Retail,Bolt,Industrial,7,210.66,5,1400.89,125.18,12.05,1520.05,2.7
2024-09-19,Bob Smith,South,Online,Sensor,Electronics,16,396.21,0,6339.36,619.43,29.75,6988.54,4.4
2024-09-20,Priya Singh,South,Direct,Sensor,Tools,23,467.68,20,8605.31,451.06,23.59,9044.57,1.1
2024-09-22,Jake Moore,Central,Retail,Bolt,Electronics,10,141.37,0,1413.7,107.33,19.61,1540.64,2.6
2024-09-23,Yuki Tanaka,West,Partner,Valve,Hardware,6,311.0,0,1866.0,129.55,45.41,2040.96,1.6
2024-09-26,Leo Kim,Central,Partner,Gear,Industrial,39,303.97,0,11854.83,827.28,43.55,12725.66,1.2
2024-09-27,Omar Hassan,East,Online,Widget,Tools,19,77.78,10,1330.04,123.8,25.06,1441.31,1.4
2024-09-28,Leo Kim,South,Retail,Motor,Mechanical,43,8.17,0,351.31,33.53,38.84,423.68,3.4
2024-10-01,Sara Lee,Central,Online,Gear,Hardware,22,28.51,15,533.14,47.2,39.48,560.6,4.7
2024-10-03,Jake Moore,Central,Partner,Bolt,Industrial,38,328.83,0,12495.54,1454.54,36.14,13986.22,1.1
2024-10-04,Sara Lee,West,Partner,Sensor,Electronics,35,172.57,15,5133.96,423.09,13.38,5550.36,2.6
2024-10-06,Alice Chen,Central,Retail,Connector,Industrial,41,435.96,0,17874.36,1773.41,43.55,19691.32,1.8
2024-10-07,Omar Hassan,North,Partner,Gadget,Hardware,39,98.27,0,3832.53,453.03,43.16,4328.72,3.1
2024-10-09,Carlos Diaz,Central,Partner,Gadget,Hardware,43,52.13,0,2241.59,174.79,45.8,2462.18,2.9
2024-10-10,Sara Lee,South,Direct,Motor,Mechanical,27,221.12,0,5970.24,639.52,22.0,6631.76,1.5
2024-10-11,Alice Chen,West,Online,Sprocket,Hardware,12,43.95,10,474.66,43.25,8.23,513.8,3.5
2024-10-12,Sara Lee,West,Retail,Gear,Tools,29,422.04,0,12239.16,898.2,42.94,13180.3,1.6
2024-10-14,Alice Chen,West,Partner,Connector,Electronics,15,57.55,0,863.25,53.32,28.08,944.65,3.4
2024-10-16,Liam Chen,East,Partner,Motor,Mechanical,44,7.64,10,302.54,25.04,27.69,313.74,3.5
2024-10-17,Alice Johnson,Central,Direct,Gadget,Tools,13,151.22,0,1965.86,186.77,26.46,2179.09,2.0
2024-10-18,Priya Singh,West,Retail,Relay,Tools,33,363.57,0,11997.81,1359.94,13.7,13371.45,3.0
2024-10-20,Sara Lee,East,Retail,Gear,Electronics,12,24.49,10,264.49,24.07,38.32,269.4,1.6
2024-10-21,Jake Moore,West,Partner,Sensor,Industrial,32,386.37,5,11745.65,1260.4,43.29,12984.4,3.8
2024-10-23,Jake Moore,East,Partner,Gear,Tools,13,268.83,0,3494.79,193.5,8.09,3696.38,4.5
2024-10-24,Leo Kim,South,Online,Bolt,Hardware,23,326.0,15,6373.3,633.84,32.71,6990.79,3.7
2024-10-25,Alice Johnson,West,Direct,Gadget,Tools,42,318.9,5,12724.11,921.01,27.29,13631.48,4.4
2024-10-27,Maria Garcia,North,Online,Connector,Electronics,40,444.7,15,15119.8,775.22,23.28,15883.38,1.9
2024-10-29,Emma Wilson,Central,Partner,Motor,Industrial,25,410.08,10,9226.8,718.9,46.55,9922.42,2.7
2024-10-30,Sara Lee,North,Online,Valve,Hardware,37,21.48,5,755.02,58.32,45.83,790.43,1.9
2024-11-01,Yuki Tanaka,Central,Direct,Motor,Hardware,44,107.87,5,4508.97,278.22,26.96,4773.71,4.4
2024-11-03,Aisha Khan,East,Retail,Motor,Electronics,5,381.83,10,1718.23,184.76,29.25,1888.37,3.1
2024-11-04,Omar Hassan,North,Online,Sensor,Industrial,24,464.36,20,8915.71,1018.99,26.03,9921.68,3.2
2024-11-06,Alice Johnson,South,Direct,Bolt,Electronics,12,452.58,0,5430.96,455.65,49.32,5935.93,3.4
2024-11-08,Liam Chen,Central,Retail,Motor,Industrial,44,434.36,0,19111.84,2180.45,36.38,21328.67,3.0
2024-11-09,Liam Chen,East,Direct,Sensor,Electronics,36,284.73,5,9737.77,1106.25,23.23,10832.41,2.9
2024-11-10,Carlos Diaz,South,Retail,Relay,Industrial,40,187.74,0,7509.6,810.5,3.15,8323.25,4.4
2024-11-12,Alice Chen,Central,Retail,Valve,Mechanical,37,307.42,15,9668.36,1113.15,1.62,10780.7,4.3
2024-11-13,Omar Hassan,East,Partner,Valve,Mechanical,29,131.51,0,3813.79,280.53,9.89,4104.21,1.8
2024-11-14,James Park,North,Online,Valve,Hardware,35,458.02,20,12824.56,769.8,22.69,13583.01,1.1
2024-11-16,Bob Smith,North,Retail,Gear,Electronics,14,119.0,20,1332.8,108.75,26.92,1428.09,4.6
2024-11-18,Jake Moore,East,Retail,Widget,Mechanical,26,215.73,0,5608.98,666.32,12.14,6287.44,3.4
2024-11-19,Yuki Tanaka,North,Online,Gear,Tools,27,230.59,5,5914.63,451.17,2.57,6364.52,1.1
2024-11-20,Sara Lee,West,Retail,Widget,Mechanical,50,227.0,15,9647.5,1078.41,20.03,10715.9,3.9
2024-11-22,Tom Brown,North,Online,Valve,Tools,47,77.35,0,3635.45,260.69,37.7,3933.84,2.6
2024-11-23,Liam Chen,North,Partner,Sensor,Hardware,20,41.55,15,706.35,39.91,39.99,726.26,3.9
2024-11-24,Bob Smith,West,Direct,Widget,Tools,32,314.33,10,9052.7,1052.8,17.69,10096.66,4.4
2024-11-26,Aisha Khan,Central,Partner,Sensor,Mechanical,7,336.92,0,2358.44,152.5,31.23,2542.17,2.8
2024-11-27,Jake Moore,North,Retail,Sensor,Mechanical,33,373.18,5,11699.19,871.66,48.65,12546.52,4.8
2024-11-28,Liam Chen,South,Direct,Relay,Hardware,42,120.92,15,4316.84,392.78,14.88,4702.18,3.1
2024-11-29,Tom Brown,North,Online,Sensor,Industrial,38,67.51,20,2052.3,186.61,2.46,2237.68,1.3
2024-12-01,Maria Garcia,Central,Partner,Sprocket,Electronics,27,185.2,0,5000.4,537.25,45.79,5583.44,4.5
2024-12-02,Leo Kim,East,Direct,Connector,Industrial,36,320.53,10,10385.17,823.1,3.92,11206.31,2.9
2024-12-03,Bob Smith,South,Partner,Connector,Hardware,12,81.38,0,976.56,78.43,26.78,1081.77,4.5
2024-12-05,Omar Hassan,South,Direct,Widget,Hardware,25,19.72,15,419.05,21.03,40.44,419.86,2.9
2024-12-07,Omar Hassan,West,Direct,Motor,Industrial,13,362.26,15,4002.97,357.25,13.36,4353.54,4.5
2024-12-09,Emma Wilson,North,Online,Bolt,Industrial,45,372.23,15,14237.8,1485.71,0.91,15723.05,3.2
2024-12-10,Sara Lee,South,Partner,Relay,Mechanical,35,442.07,15,13151.58,1101.9,7.88,14249.54,2.1
2024-12-11,Carlos Diaz,West,Online,Valve,Mechanical,5,185.8,0,929.0,66.52,1.7,997.22,4.8
2024-12-14,Carlos Diaz,Central,Online,Relay,Hardware,9,63.31,0,569.79,60.2,38.39,668.38,1.5
2024-12-15,Omar Hassan,North,Retail,Gear,Hardware,39,363.75,10,12767.62,1057.03,48.69,13800.31,1.3
2024-12-16,Maria Garcia,North,Retail,Gadget,Tools,2,397.37,0,794.74,56.61,20.92,872.27,4.2
2024-12-17,Carlos Diaz,South,Direct,Motor,Electronics,22,394.63,0,8681.86,563.08,30.06,9275.0,4.1
2024-12-18,Aisha Khan,West,Retail,Connector,Mechanical,11,222.25,20,1955.8,131.58,27.06,2073.85,3.8
2024-12-20,Emma Wilson,East,Online,Gadget,Electronics,17,333.17,0,5663.89,678.31,33.04,6375.24,2.8
2024-12-22,Nina Patel,North,Direct,Sprocket,Mechanical,27,280.43,0,7571.61,455.13,5.03,8031.77,4.5
2024-12-23,Jake Moore,North,Retail,Motor,Electronics,18,218.19,20,3141.94,194.5,21.23,3325.83,3.3
2024-12-24,Yuki Tanaka,North,Partner,Sprocket,Electronics,19,195.31,0,3710.89,440.79,18.89,4170.57,2.2
2024-12-26,Liam Chen,East,Direct,Connector,Tools,46,311.66,20,11469.09,719.99,12.16,12183.0,2.6
2024-12-27,Alice Chen,North,Retail,Gadget,Electronics,4,90.61,0,362.44,36.82,2.49,401.75,2.9
2024-12-29,Yuki Tanaka,Central,Online,Connector,Hardware,1,119.39,15,101.48,9.12,30.04,95.58,3.8
2024-12-30,Jake Moore,North,Partner,Sensor,Electronics,30,239.68,10,6471.36,771.47,38.48,7223.59,1.4
2025-01-01,Sara Lee,East,Direct,Connector,Industrial,50,283.82,5,13481.45,1121.86,41.98,14582.32,1.9
2025-01-02,Alice Johnson,West,Direct,Bolt,Electronics,47,113.07,20,4251.43,331.11,30.54,4567.27,2.1
2025-01-04,Sara Lee,East,Retail,Sensor,Tools,47,462.31,20,17382.86,921.29,39.44,18284.43,4.8
2025-01-05,Leo Kim,North,Partner,Widget,Tools,28,378.18,10,9530.14,843.58,24.01,10361.72,2.9
2025-01-07,Alice Johnson,East,Retail,Bolt,Mechanical,19,130.19,0,2473.61,219.07,25.59,2718.27,1.7
2025-01-08,Nina Patel,South,Direct,Sensor,Hardware,10,172.18,0,1721.8,148.48,46.5,1916.78,5.0
2025-01-09,Emma Wilson,West,Direct,Gear,Tools,49,297.64,0,14584.36,1437.52,25.77,16047.65,2.3
2025-01-11,Omar Hassan,Central,Direct,Sensor,Mechanical,25,345.71,0,8642.75,457.79,21.15,9121.69,2.4
2025-01-12,Tom Brown,South,Online,Bolt,Hardware,39,83.14,0,3242.46,319.62,11.53,3573.61,2.4
2025-01-14,Liam Chen,Central,Retail,Valve,Mechanical,47,429.68,0,20194.96,1579.34,9.29,21783.59,1.6
2025-01-14,Carlos Diaz,West,Direct,Gadget,Hardware,40,430.48,0,17219.2,1642.92,30.33,18892.45,1.0
2025-01-15,Yuki Tanaka,West,Partner,Bolt,Mechanical,14,125.12,5,1664.1,101.83,48.1,1741.88,2.2
2025-01-17,Maria Garcia,North,Direct,Gadget,Mechanical,2,162.34,15,275.98,18.6,44.36,272.4,2.1
2025-01-19,Alice Chen,East,Online,Relay,Industrial,13,25.16,20,261.66,21.64,27.65,269.48,4.2
2025-01-20,Alice Johnson,West,Partner,Gear,Hardware,34,75.92,5,2452.22,289.6,6.13,2738.75,1.9
2025-01-22,Liam Chen,East,Direct,Sprocket,Tools,6,434.7,5,2477.79,267.48,27.25,2731.64,3.1
2025-01-24,Liam Chen,Central,Partner,Sensor,Tools,12,102.4,10,1105.92,122.02,24.96,1215.46,1.8
2025-01-26,Jake Moore,Central,Partner,Bolt,Electronics,11,339.1,0,3730.1,427.31,26.79,4184.2,4.3
2025-01-27,James Park,Central,Partner,Motor,Hardware,6,21.22,20,101.86,6.42,17.33,99.62,2.4
2025-01-28,Leo Kim,East,Direct,Sensor,Hardware,37,38.55,0,1426.35,162.74,36.27,1625.36,2.9
2025-01-30,Maria Garcia,East,Direct,Valve,Mechanical,15,145.92,0,2188.8,134.43,41.57,2364.8,3.8
2025-02-01,Carlos Diaz,Central,Partner,Bolt,Electronics,1,472.17,10,424.95,31.16,48.2,432.01,1.6
2025-02-02,Tom Brown,North,Online,Sprocket,Hardware,46,20.16,20,741.89,41.18,48.57,758.78,1.3
2025-02-03,Tom Brown,West,Online,Gadget,Electronics,8,142.15,20,909.76,62.39,40.68,951.81,2.2
2025-02-05,Omar Hassan,East,Partner,Valve,Electronics,19,51.04,20,775.81,67.71,41.01,823.01,3.3
2025-02-06,Sara Lee,South,Partner,Widget,Industrial,40,239.05,5,9083.9,579.6,45.53,9640.74,2.1
2025-02-08,James Park,Central,Partner,Connector,Hardware,33,96.87,5,3036.87,283.05,4.8,3317.52,4.2
2025-02-09,Maria Garcia,North,Partner,Sensor,Mechanical,22,203.1,0,4468.2,259.63,45.61,4773.44,1.7
2025-02-11,Nina Patel,Central,Direct,Relay,Electronics,20,304.18,20,4866.88,513.65,29.89,5365.59,4.1
2025-02-11,Leo Kim,South,Retail,Relay,Tools,22,54.2,0,1192.4,128.18,38.3,1358.88,1.2
2025-02-13,Omar Hassan,East,Direct,Sensor,Industrial,20,345.1,0,6902.0,764.91,9.1,7676.01,4.9
2025-02-14,Emma Wilson,South,Partner,Relay,Electronics,28,166.92,10,4206.38,228.02,34.35,4417.23,1.6
2025-02-15,Carlos Diaz,South,Online,Widget,Electronics,8,244.3,10,1758.96,196.23,48.91,1930.74,2.5
2025-02-17,Omar Hassan,North,Partner,Sprocket,Industrial,48,369.1,0,17716.8,1814.86,32.37,19564.03,1.9
2025-02-18,Bob Smith,West,Partner,Valve,Mechanical,50,116.49,15,4950.82,287.14,16.09,5229.91,2.8
2025-02-20,Leo Kim,Central,Direct,Gadget,Hardware,28,257.03,0,7196.84,516.85,21.26,7734.95,1.2
2025-02-20,Yuki Tanaka,West,Online,Widget,Industrial,15,447.89,0,6718.35,381.27,46.69,7146.31,3.8
2025-02-22,Jake Moore,East,Partner,Widget,Tools,37,10.52,0,389.24,43.05,4.0,436.29,4.8
2025-02-23,Priya Singh,North,Direct,Gear,Tools,5,42.07,0,210.35,18.07,11.57,239.99,2.6
2025-02-24,James Park,West,Direct,Sprocket,Tools,4,27.81,0,111.24,12.24,1.93,125.41,4.3
2025-02-26,Nina Patel,East,Retail,Sprocket,Tools,31,184.05,10,5134.99,263.25,29.76,5383.36,4.6
2025-02-27,Leo Kim,North,Direct,Sensor,Hardware,18,476.74,0,8581.32,548.6,15.9,9145.82,3.8
2025-03-01,Jake Moore,Central,Retail,Motor,Mechanical,26,393.79,0,10238.54,785.45,31.01,11055.0,4.8
2025-03-02,James Park,South,Retail,Relay,Tools,27,234.23,0,6324.21,754.13,46.28,7124.62,1.6
2025-03-03,Priya Singh,West,Direct,Bolt,Tools,25,469.64,0,11741.0,1023.65,43.25,12807.9,4.6
2025-03-05,Nina Patel,Central,Partner,Motor,Electronics,13,151.12,0,1964.56,162.54,10.6,2137.7,4.0
2025-03-06,Alice Johnson,East,Retail,Widget,Tools,46,446.11,20,16416.85,1186.55,28.36,17589.22,2.7
2025-03-08,Yuki Tanaka,East,Partner,Connector,Mechanical,12,174.17,0,2090.04,184.57,3.87,2278.48,1.3
2025-03-09,Sara Lee,South,Online,Connector,Tools,39,233.88,15,7753.12,602.95,28.58,8341.78,1.6
2025-03-11,Maria Garcia,Central,Direct,Relay,Industrial,17,369.82,5,5972.59,351.09,3.03,6322.16,3.2
2025-03-13,James Park,Central,Online,Connector,Industrial,46,380.43,0,17499.78,1402.88,13.93,18916.59,2.9
2025-03-14,Alice Chen,North,Online,Sensor,Industrial,31,424.48,5,12500.94,913.91,9.06,13410.32,4.5
2025-03-15,Bob Smith,West,Partner,Gadget,Industrial,16,160.34,20,2052.35,233.14,11.58,2279.7,4.3
2025-03-17,Aisha Khan,East,Direct,Sensor,Industrial,47,203.83,0,9580.01,665.96,28.56,10274.53,1.2
2025-03-18,Alice Johnson,Central,Online,Bolt,Tools,7,167.35,20,937.16,110.72,16.54,1039.61,2.4
2025-03-19,Bob Smith,South,Partner,Motor,Mechanical,13,5.79,10,67.74,4.97,11.88,66.77,2.4
2025-03-21,Aisha Khan,North,Direct,Connector,Tools,35,331.3,10,10435.95,721.43,32.91,11140.93,2.9
2025-03-22,Tom Brown,West,Retail,Valve,Tools,48,366.65,10,15839.28,900.03,33.76,16722.43,3.2
2025-03-24,Jake Moore,Central,Partner,Sensor,Tools,2,305.1,0,610.2,59.45,48.87,718.52,4.2
2025-03-25,Nina Patel,West,Online,Gear,Electronics,33,207.66,0,6852.78,435.99,35.17,7323.94,5.0
2025-03-27,Alice Johnson,Central,Online,Widget,Hardware,12,374.27,20,3592.99,413.39,37.0,3987.88,2.8
2025-03-28,Bob Smith,North,Retail,Gadget,Industrial,4,64.42,20,206.14,11.79,47.57,194.14,1.8
2025-03-30,Tom Brown,West,Online,Widget,Mechanical,39,269.86,10,9472.09,1007.34,32.81,10463.02,3.8
2025-04-01,Liam Chen,Central,Online,Valve,Electronics,48,211.66,10,9143.71,514.88,30.76,9643.21,3.0
2025-04-02,Omar Hassan,North,Retail,Gadget,Hardware,18,174.51,0,3141.18,352.7,40.14,3534.02,1.6
2025-04-03,Jake Moore,West,Partner,Bolt,Industrial,14,129.51,5,1722.48,198.47,9.66,1916.12,1.2
2025-04-05,Sara Lee,North,Direct,Gadget,Electronics,49,211.81,20,8302.95,726.3,31.78,9013.36,4.1
2025-04-06,Alice Chen,North,Retail,Widget,Electronics,1,99.02,0,99.02,5.46,35.19,139.67,3.4
2025-04-08,Yuki Tanaka,Central,Retail,Bolt,Industrial,23,459.44,15,8982.05,765.88,44.67,9725.59,2.4
2025-04-09,Priya Singh,South,Partner,Motor,Electronics,5,10.62,10,47.79,4.59,36.06,34.35,2.2
2025-04-11,Sara Lee,East,Partner,Sensor,Electronics,33,15.53,0,512.49,60.87,31.61,604.97,1.5
2025-04-12,Bob Smith,South,Retail,Valve,Industrial,20,108.19,5,2055.61,105.25,46.17,2137.78,2.8
2025-04-14,Priya Singh,Central,Retail,Sensor,Hardware,2,225.68,10,406.22,45.14,43.77,429.48,3.6
2025-04-15,Sara Lee,North,Direct,Motor,Tools,34,265.24,5,8567.25,758.42,6.65,9322.34,2.1
2025-04-16,Aisha Khan,South,Online,Sensor,Mechanical,37,104.41,15,3283.69,333.85,45.99,3594.55,3.7
2025-04-18,Omar Hassan,East,Direct,Valve,Electronics,3,357.0,15,910.35,46.41,11.61,950.96,4.5
2025-04-19,Omar Hassan,South,Retail,Sprocket,Industrial,6,444.9,0,2669.4,232.78,20.37,2922.55,2.7
2025-04-20,Alice Johnson,West,Online,Relay,Hardware,7,381.04,0,2667.28,288.73,24.8,2980.81,1.9
2025-04-22,Carlos Diaz,West,Direct,Connector,Hardware,46,49.73,5,2173.2,128.99,26.32,2289.03,2.2
2025-04-24,Leo Kim,East,Partner,Connector,Hardware,3,302.89,0,908.67,45.53,18.58,972.78,4.1
2025-04-26,Carlos Diaz,North,Direct,Widget,Hardware,21,442.02,10,8354.18,615.55,48.44,8945.51,4.5
2025-04-27,Tom Brown,South,Online,Gear,Tools,26,348.92,20,7257.54,409.87,43.92,7645.45,4.3
2025-04-28,Alice Chen,North,Direct,Widget,Mechanical,23,37.56,15,734.3,64.73,12.19,792.93,2.7
2025-04-29,Alice Chen,South,Online,Connector,Mechanical,32,429.28,0,13736.96,1385.84,16.73,15139.53,1.7
2025-05-01,Maria Garcia,Central,Direct,Sensor,Hardware,42,418.56,15,14942.59,1164.52,18.31,16097.95,2.5
2025-05-02,Alice Chen,West,Direct,Gadget,Hardware,42,106.21,0,4460.82,344.17,2.48,4807.47,2.3
2025-05-04,Carlos Diaz,North,Partner,Bolt,Tools,10,412.65,10,3713.85,342.45,47.73,4032.43,2.9
2025-05-06,Alice Patel,East,Direct,Gadget,Electronics,31,158.71,0,4920.01,404.58,17.18,5341.77,3.2
2025-05-07,Bob Smith,East,Partner,Gear,Tools,30,232.67,15,5933.08,613.69,40.0,6526.77,1.0
2025-05-08,Alice Johnson,South,Online,Widget,Tools,21,473.84,10,8955.58,461.31,26.14,9403.82,1.6
2025-05-10,Yuki Tanaka,West,Retail,Gadget,Electronics,5,412.52,15,1753.21,91.29,32.38,1828.31,2.1
2025-05-12,Yuki Tanaka,East,Online,Gadget,Industrial,23,167.06,5,3650.26,413.58,25.24,4051.22,4.3
2025-05-13,Sara Lee,South,Online,Widget,Hardware,46,256.36,10,10613.3,714.73,33.72,11311.17,4.2
2025-05-15,Carlos Diaz,Central,Retail,Sensor,Industrial,12,152.11,15,1551.52,77.69,30.41,1614.01,4.8
2025-05-16,Bob Smith,North,Retail,Bolt,Tools,38,451.76,0,17166.88,958.56,43.99,18169.43,4.4
2025-05-17,Bob Smith,West,Direct,Connector,Tools,36,387.28,5,13244.98,738.68,18.32,13974.5,3.9
2025-05-19,Omar Hassan,North,Partner,Motor,Hardware,10,300.86,0,3008.6,228.76,8.41,3245.77,2.9
2025-05-20,Aisha Khan,West,Online,Bolt,Hardware,30,18.98,20,455.52,47.45,27.75,489.09,3.3
2025-05-22,Priya Singh,East,Direct,Gear,Mechanical,17,208.56,0,3545.52,419.96,9.3,3974.78,4.0
2025-05-23,Sara Lee,West,Partner,Sprocket,Hardware,10,422.05,15,3587.42,272.02,46.22,3836.33,4.7
2025-05-25,Jake Moore,Central,Online,Connector,Hardware,49,223.46,0,10949.54,763.37,5.93,11718.84,1.1
2025-05-26,Priya Singh,South,Retail,Sensor,Industrial,49,392.03,0,19209.47,1305.75,40.18,20555.4,1.2
2025-05-28,Nina Patel,Central,Direct,Gadget,Hardware,44,478.2,0,21040.8,2428.51,18.82,23488.13,3.4
2025-05-29,Priya Singh,East,Direct,Connector,Hardware,18,37.81,15,578.49,66.24,48.54,620.46,3.8
2025-05-30,Leo Kim,East,Direct,Relay,Industrial,6,65.49,15,334.0,31.18,6.25,362.06,2.5
2025-06-01,Carlos Diaz,Central,Direct,Bolt,Electronics,50,103.35,5,4909.12,544.96,15.24,5446.46,1.2
2025-06-02,Jake Moore,South,Retail,Widget,Hardware,35,187.49,5,6234.04,392.73,43.97,6604.79,4.7
2025-06-04,Bob Smith,North,Partner,Connector,Electronics,24,258.54,5,5894.71,689.13,16.32,6575.68,2.6
2025-06-05,Liam Chen,West,Retail,Bolt,Hardware,5,497.64,20,1990.56,102.92,41.54,2072.71,4.1
2025-06-06,Tom Brown,West,Online,Connector,Tools,15,349.36,15,4454.34,382.84,20.29,4827.03,2.2
2025-06-07,Alice Johnson,West,Direct,Bolt,Industrial,5,19.47,0,97.35,8.08,26.8,132.23,3.7
2025-06-09,Leo Kim,North,Partner,Connector,Tools,33,82.11,0,2709.63,189.1,9.69,2908.42,1.3
2025-06-11,Alice Patel,East,Direct,Bolt,Tools,1,156.6,0,156.6,9.39,2.83,168.82,4.9
2025-06-13,Jake Moore,Central,Partner,Connector,Industrial,5,179.19,15,761.56,70.99,7.3,828.9,1.0
2025-06-14,Maria Garcia,East,Direct,Gadget,Hardware,22,369.59,0,8130.98,832.24,48.3,9011.52,1.7
2025-06-15,Omar Hassan,East,Direct,Valve,Tools,49,342.9,20,13441.68,835.8,49.51,14252.73,1.0
2025-06-16,Emma Wilson,East,Partner,Relay,Tools,31,219.34,0,6799.54,453.44,10.34,7263.32,2.9
2025-06-17,Emma Wilson,West,Partner,Connector,Electronics,9,379.78,0,3418.02,269.35,40.94,3728.31,1.5
2025-06-19,Bob Smith,East,Partner,Sprocket,Mechanical,14,299.75,10,3776.85,415.45,12.32,4186.14,4.8
2025-06-20,Priya Singh,West,Online,Sprocket,Hardware,13,470.17,0,6112.21,498.51,42.66,6653.38,1.5
2025-06-22,Priya Singh,East,Retail,Gadget,Tools,30,359.69,0,10790.7,1220.87,15.58,12027.15,1.7
2025-06-24,Alice Chen,East,Retail,Gadget,Hardware,14,337.65,5,4490.74,487.75,7.95,4974.51,3.2
2025-06-25,Bob Smith,North,Direct,Valve,Mechanical,17,299.89,15,4333.41,247.79,45.96,4558.22,4.4
2025-06-26,Alice Patel,South,Direct,Gear,Electronics,8,364.29,20,2331.46,260.11,4.94,2589.1,2.4
2025-06-28,Yuki Tanaka,Central,Partner,Bolt,Tools,6,340.63,0,2043.78,127.2,20.29,2191.27,2.4
2025-06-29,Sara Lee,South,Online,Sprocket,Industrial,29,207.76,20,4820.03,378.6,34.3,5181.48,3.6
2025-07-01,Alice Patel,Central,Online,Valve,Tools,46,190.95,10,7905.33,417.91,1.79,8322.34,3.9
2025-07-02,Leo Kim,West,Retail,Valve,Electronics,20,443.85,20,7101.6,439.98,32.21,7525.48,3.2
2025-07-04,Sara Lee,North,Direct,Bolt,Electronics,30,429.19,10,11588.13,1170.4,12.38,12752.34,2.8
2025-07-05,Omar Hassan,North,Partner,Sensor,Electronics,23,279.87,20,5149.61,482.17,30.04,5616.76,3.1
2025-07-06,Carlos Diaz,South,Direct,Relay,Hardware,42,140.77,10,5321.11,456.79,1.73,5777.03,4.5
2025-07-08,Priya Singh,North,Direct,Connector,Electronics,45,326.37,0,14686.65,766.38,28.62,15481.65,2.9
2025-07-10,Yuki Tanaka,North,Direct,Gadget,Electronics,6,344.94,5,1966.16,214.69,7.61,2177.05,4.1
2025-07-11,Liam Chen,West,Retail,Relay,Mechanical,49,306.06,0,14996.94,1010.15,0.19,16007.28,2.4
2025-07-13,James Park,Central,Online,Connector,Mechanical,2,268.12,15,455.8,43.53,31.39,483.64,1.1
2025-07-14,Maria Garcia,North,Retail,Widget,Tools,24,368.04,10,7949.66,605.04,31.83,8538.78,2.0
2025-07-16,James Park,Central,Partner,Sprocket,Electronics,50,350.5,20,14020.0,1486.34,42.18,15485.25,2.8
2025-07-17,Nina Patel,East,Partner,Connector,Electronics,44,253.39,5,10591.7,705.17,5.16,11294.29,3.3
2025-07-18,James Park,North,Direct,Gadget,Industrial,44,390.5,20,13745.6,1360.96,10.68,15101.22,2.8
2025-07-19,Liam Chen,North,Partner,Sensor,Hardware,35,331.62,10,10446.03,1120.74,20.37,11556.59,2.1
2025-07-20,Alice Patel,West,Online,Sprocket,Industrial,8,31.43,5,238.87,21.99,33.98,243.87,2.3
2025-07-22,Sara Lee,South,Online,Motor,Tools,27,63.97,5,1640.83,150.8,36.89,1773.18,4.9
2025-07-24,Omar Hassan,North,Partner,Widget,Industrial,47,391.54,0,18402.38,1315.74,43.32,19761.44,2.5
2025-07-26,Nina Patel,South,Online,Relay,Industrial,6,239.44,0,1436.64,96.94,32.41,1565.99,3.4
2025-07-28,Alice Chen,East,Partner,Relay,Electronics,24,7.5,5,171.0,15.24,0.61,185.94,1.3
2025-07-29,Alice Patel,West,Direct,Bolt,Electronics,8,371.32,15,2524.98,191.71,43.21,2695.09,3.9
2025-07-30,Tom Brown,West,Online,Sensor,Industrial,27,308.36,5,7909.43,760.0,1.8,8668.53,4.9
2025-08-01,Sara Lee,Central,Direct,Connector,Electronics,38,168.79,0,6414.02,377.67,9.03,6800.72,3.7
2025-08-01,Sara Lee,West,Retail,Motor,Tools,17,387.69,0,6590.73,534.5,7.98,7133.21,1.0
2025-08-03,Aisha Khan,East,Direct,Gear,Electronics,3,77.08,0,231.24,14.72,40.0,285.96,2.6
2025-08-04,James Park,North,Online,Motor,Tools,4,328.99,20,1052.77,71.49,49.9,1099.31,3.0
2025-08-06,Maria Garcia,North,Online,Sprocket,Tools,21,116.94,5,2332.95,144.8,18.0,2468.75,1.3
2025-08-07,Aisha Khan,West,Direct,Gear,Hardware,1,194.6,20,155.68,11.7,48.73,143.01,1.9
2025-08-09,Priya Singh,South,Direct,Valve,Electronics,32,461.62,0,14771.84,1389.17,31.38,16192.39,2.8
2025-08-10,Nina Patel,West,Direct,Sensor,Industrial,25,40.23,10,905.17,66.83,20.39,961.8,4.6
2025-08-13,Nina Patel,Central,Direct,Bolt,Electronics,12,5.83,0,69.96,5.63,7.94,83.53,1.0
2025-08-15,Bob Smith,Central,Online,Valve,Electronics,31,94.28,0,2922.68,301.58,19.79,3244.05,4.0
2025-08-16,Leo Kim,Central,Direct,Bolt,Tools,41,67.79,20,2223.51,208.15,1.57,2430.88,1.6
2025-08-17,Alice Johnson,South,Partner,Widget,Hardware,7,310.66,0,2174.62,176.55,18.13,2369.3,4.1
2025-08-18,Tom Brown,South,Retail,Widget,Industrial,33,305.55,0,10083.15,830.68,23.54,10937.37,1.4
2025-08-20,Yuki Tanaka,East,Direct,Sprocket,Hardware,42,319.06,0,13400.52,1194.87,13.15,14608.54,2.3
2025-08-21,Carlos Diaz,West,Retail,Gear,Industrial,20,78.68,20,1258.88,76.9,29.36,1321.1,1.1
2025-08-23,Omar Hassan,South,Direct,Gadget,Hardware,9,32.02,10,259.36,17.27,27.51,262.88,2.7
2025-08-25,Maria Garcia,East,Retail,Widget,Electronics,3,229.92,0,689.76,39.68,14.09,743.53,2.3
2025-08-26,James Park,North,Online,Widget,Industrial,25,137.3,10,3089.25,182.38,13.18,3265.04,4.0
2025-08-27,Alice Johnson,South,Retail,Gadget,Industrial,49,23.07,15,960.87,75.32,48.8,1011.79,4.0
2025-08-29,Maria Garcia,East,Partner,Widget,Industrial,39,298.41,0,11637.99,1351.06,6.37,12995.42,4.0
2025-08-30,Nina Patel,North,Partner,Valve,Tools,48,251.45,20,9655.68,873.23,6.69,10525.57,3.7
2025-09-01,Sara Lee,Central,Partner,Gadget,Hardware,19,381.13,10,6517.32,563.07,3.35,7078.71,3.3
2025-09-02,Omar Hassan,East,Direct,Motor,Electronics,16,257.49,5,3913.85,457.8,31.68,4355.81,3.1
2025-09-03,Yuki Tanaka,North,Partner,Sensor,Tools,5,328.78,15,1397.31,112.6,25.02,1497.4,1.5
2025-09-05,Alice Patel,Central,Partner,Relay,Mechanical,46,360.88,15,14110.41,1260.86,2.23,15370.16,1.9
2025-09-07,Liam Chen,Central,Direct,Sensor,Electronics,16,34.42,0,550.72,59.04,36.5,646.26,4.6
2025-09-09,Nina Patel,Central,Online,Connector,Hardware,30,47.9,20,1149.6,131.68,40.13,1261.21,2.0
2025-09-10,Sara Lee,West,Partner,Widget,Hardware,19,221.61,0,4210.59,398.6,13.97,4623.16,3.0
2025-09-11,Tom Brown,West,Direct,Widget,Mechanical,5,432.54,0,2162.7,112.34,42.65,2317.69,2.4
2025-09-13,Tom Brown,Central,Direct,Gear,Mechanical,36,26.27,0,945.72,99.79,11.98,1057.49,3.3
2025-09-14,Leo Kim,North,Online,Valve,Mechanical,35,277.61,0,9716.35,986.8,8.84,10711.99,3.7
2025-09-16,Maria Garcia,Central,Partner,Gadget,Industrial,40,296.37,0,11854.8,1141.14,47.12,13043.06,1.6
2025-09-18,Tom Brown,East,Direct,Bolt,Industrial,27,234.84,15,5389.58,521.73,7.69,5907.46,3.3
2025-09-19,Alice Chen,West,Partner,Gadget,Tools,11,189.7,20,1669.36,189.0,42.07,1837.32,3.3
2025-09-21,Omar Hassan,North,Partner,Connector,Industrial,34,138.04,5,4458.69,506.08,17.53,4956.0,4.9
2025-09-23,Sara Lee,East,Direct,Motor,Industrial,5,76.65,0,383.25,22.38,6.25,411.88,2.9
2025-09-24,Emma Wilson,East,Retail,Motor,Mechanical,25,427.18,0,10679.5,1102.14,21.54,11803.18,3.4
2025-09-25,Bob Smith,North,Direct,Widget,Hardware,42,43.76,15,1562.23,185.02,5.29,1744.61,3.2
2025-09-26,James Park,South,Retail,Connector,Electronics,2,176.67,0,353.34,25.26,48.26,426.86,4.3
2025-09-28,Alice Patel,North,Online,Motor,Hardware,34,73.44,5,2372.11,205.23,46.46,2554.11,5.0
2025-09-29,Carlos Diaz,North,Direct,Sensor,Tools,10,10.05,5,95.47,7.37,32.61,86.53,1.3
2025-10-01,Liam Chen,Central,Online,Gadget,Industrial,35,300.45,15,8938.39,897.39,13.36,9829.1,3.8
2025-10-02,Tom Brown,North,Retail,Sprocket,Mechanical,15,107.26,20,1287.12,68.02,33.45,1338.41,4.6
2025-10-04,Maria Garcia,South,Retail,Valve,Electronics,40,219.07,5,8324.66,979.04,24.9,9291.25,4.2
2025-10-06,Sara Lee,South,Online,Gadget,Electronics,38,209.19,10,7154.3,710.25,20.23,7854.44,3.4
2025-10-08,Emma Wilson,East,Direct,Motor,Hardware,27,434.32,10,10553.98,945.09,37.65,11480.24,3.8
2025-10-10,Carlos Diaz,Central,Online,Gear,Electronics,4,483.39,10,1740.2,103.45,27.89,1829.71,1.8
2025-10-11,Maria Garcia,North,Direct,Sprocket,Tools,13,390.67,15,4316.9,349.41,24.65,4653.98,4.2
2025-10-13,Emma Wilson,East,Partner,Sprocket,Hardware,50,34.43,20,1377.2,117.25,22.3,1483.3,1.2
2025-10-14,Omar Hassan,West,Direct,Connector,Hardware,32,270.62,10,7793.86,659.63,22.21,8442.39,3.8
2025-10-16,Leo Kim,East,Partner,Motor,Tools,20,237.26,0,4745.2,464.26,40.44,5249.9,2.0
2025-10-17,Maria Garcia,South,Partner,Sprocket,Mechanical,31,54.88,10,1531.15,148.66,20.1,1669.76,1.6
2025-10-19,Yuki Tanaka,Central,Retail,Gear,Industrial,1,164.33,5,156.11,10.95,17.87,158.12,4.2
2025-10-20,Maria Garcia,East,Online,Valve,Industrial,3,414.68,5,1181.84,111.83,7.96,1289.69,1.7
2025-10-21,Jake Moore,West,Online,Motor,Hardware,39,52.11,10,1829.06,180.38,6.73,2006.08,2.3
2025-10-23,Maria Garcia,North,Retail,Gadget,Hardware,23,148.68,0,3419.64,220.12,40.47,3680.23,1.2
2025-10-24,Alice Patel,West,Direct,Sprocket,Hardware,36,302.44,5,10343.45,687.17,1.04,11030.1,1.5
2025-10-26,Alice Johnson,West,Retail,Bolt,Electronics,26,379.16,5,9365.25,568.18,38.83,9914.01,3.7
2025-10-27,Priya Singh,North,Online,Relay,Tools,16,409.55,20,5242.24,583.63,19.57,5816.09,2.7
2025-10-28,Yuki Tanaka,West,Partner,Sensor,Tools,42,48.89,0,2053.38,139.76,14.36,2207.5,4.4
2025-10-30,Bob Smith,North,Direct,Sprocket,Industrial,34,182.73,15,5280.9,343.34,30.14,5609.17,4.8
2025-11-01,Alice Johnson,East,Partner,Widget,Industrial,40,256.35,0,10254.0,869.67,11.04,11134.71,3.1
2025-11-03,Priya Singh,Central,Online,Gear,Tools,24,165.0,20,3168.0,244.45,15.58,3404.66,4.8
2025-11-04,James Park,North,Online,Gadget,Tools,31,162.75,20,4036.2,453.31,2.56,4488.23,4.5
2025-11-06,Leo Kim,Central,Direct,Gear,Industrial,3,463.11,5,1319.86,77.45,25.3,1384.66,1.8
2025-11-07,Jake Moore,North,Direct,Sensor,Industrial,41,263.38,0,10798.58,683.34,2.82,11484.74,3.6
2025-11-08,Yuki Tanaka,West,Online,Valve,Tools,24,381.73,0,9161.52,848.09,16.36,10025.97,2.4
2025-11-10,Priya Singh,South,Retail,Bolt,Electronics,37,378.47,0,14003.39,921.43,39.06,14963.88,4.9
2025-11-12,Sara Lee,Central,Partner,Gear,Electronics,45,174.43,0,7849.35,851.35,20.44,8721.14,1.5
2025-11-13,Omar Hassan,West,Retail,Connector,Hardware,2,49.16,0,98.32,8.07,2.4,108.79,1.1
2025-11-15,Liam Chen,South,Direct,Relay,Electronics,34,52.85,15,1527.37,151.03,49.33,1653.73,1.2
2025-11-16,Aisha Khan,West,Direct,Relay,Hardware,11,305.26,20,2686.29,234.58,44.87,2898.43,1.1
2025-11-18,Emma Wilson,Central,Retail,Motor,Tools,49,449.3,10,19814.13,1276.25,27.46,21076.65,3.1
2025-11-19,Emma Wilson,Central,Partner,Sprocket,Mechanical,13,119.75,0,1556.75,165.8,29.65,1752.2,1.6
2025-11-20,Sara Lee,East,Retail,Gear,Hardware,10,234.33,15,1991.81,155.72,42.36,2126.35,4.0
2025-11-21,Tom Brown,West,Retail,Widget,Electronics,39,70.95,10,2490.35,216.85,19.08,2697.66,3.3
2025-11-23,Nina Patel,North,Retail,Gadget,Tools,42,168.83,5,6736.32,782.97,37.21,7500.69,4.1
2025-11-25,Liam Chen,Central,Online,Valve,Electronics,9,218.43,0,1965.87,154.52,49.05,2169.44,1.4
2025-11-26,Aisha Khan,North,Online,Gadget,Hardware,37,98.73,0,3653.01,416.17,26.79,4095.97,1.7
2025-11-28,Sara Lee,Central,Retail,Gear,Industrial,43,46.37,10,1794.52,194.24,20.76,1978.38,3.7
2025-11-29,Priya Singh,South,Online,Gadget,Hardware,46,355.64,5,15541.47,1827.99,48.17,17345.38,4.9
2025-12-01,Yuki Tanaka,Central,Retail,Connector,Electronics,37,301.7,0,11162.9,1107.04,28.19,12298.13,5.0
2025-12-02,Maria Garcia,South,Partner,Connector,Mechanical,4,194.91,0,779.64,86.06,39.88,905.58,2.9
2025-12-04,Alice Patel,Central,Retail,Valve,Electronics,34,286.49,10,8766.59,468.82,14.09,9228.36,4.4
2025-12-05,Maria Garcia,South,Partner,Motor,Tools,5,454.2,0,2271.0,211.41,10.46,2492.87,1.4
2025-12-07,Alice Patel,North,Partner,Widget,Industrial,45,45.99,0,2069.55,214.81,8.62,2292.98,1.8
2025-12-09,Aisha Khan,West,Partner,Sprocket,Hardware,49,281.27,20,11025.78,552.18,44.83,11555.55,4.4
2025-12-11,Tom Brown,Central,Retail,Connector,Tools,21,286.63,5,5718.27,497.5,49.83,6190.86,2.0
2025-12-12,Omar Hassan,East,Direct,Gadget,Tools,9,432.89,15,3311.61,306.5,34.48,3600.87,4.8
2025-12-14,Emma Wilson,East,Direct,Sensor,Electronics,10,60.96,0,609.6,65.19,40.23,715.02,1.3
2025-12-15,Bob Smith,South,Partner,Gadget,Hardware,28,352.34,0,9865.52,851.6,5.88,10723.0,4.4
2025-12-16,Carlos Diaz,West,Partner,Bolt,Mechanical,46,41.95,10,1736.73,157.95,42.12,1873.62,3.0
2025-12-18,Alice Chen,Central,Partner,Relay,Electronics,36,342.53,15,10481.42,956.77,18.0,11429.19,3.9
2025-12-19,Priya Singh,East,Online,Sprocket,Mechanical,38,460.83,15,14884.81,1138.03,35.2,16005.24,1.9
2025-12-21,Aisha Khan,Central,Retail,Sensor,Electronics,25,271.29,0,6782.25,654.35,22.44,7459.04,2.8
2025-12-22,Liam Chen,South,Direct,Sensor,Mechanical,38,484.86,15,15660.98,1533.97,20.22,17184.84,2.9
2025-12-24,Yuki Tanaka,North,Direct,Connector,Tools,33,273.2,10,8114.04,702.08,11.02,8810.61,1.9
2025-12-25,Tom Brown,South,Direct,Widget,Electronics,45,417.22,0,18774.9,2028.59,30.22,20833.71,3.8
2025-12-27,Tom Brown,East,Retail,Widget,Industrial,48,49.57,20,1903.49,202.14,45.34,2082.96,3.3
2025-12-28,Emma Wilson,West,Online,Gear,Tools,6,340.06,10,1836.32,210.94,5.69,2044.41,4.1
2025-12-30,Alice Patel,South,Partner,Gadget,Mechanical,26,24.75,5,611.32,32.67,43.49,622.25,2.5
